"id","nutrient_code","age_min","age_max","gender","ri_base","ul_limit","is_weight_scaled"
"1","alpha_linolenic_acid","0","5","ALL","0.40",,"false"
"2","alpha_linolenic_acid","1","2","ALL","0.60",,"false"
"3","alpha_linolenic_acid","3","5","ALL","0.60",,"false"
"4","alpha_linolenic_acid","6","11","ALL","0.60",,"false"
"5","alpha_linolenic_acid","6","8","F","0.70",,"false"
"6","alpha_linolenic_acid","9","11","F","0.80",,"false"
"7","alpha_linolenic_acid","12","14","F","0.90",,"false"
"8","alpha_linolenic_acid","15","18","F","0.80",,"false"
"9","alpha_linolenic_acid","19","29","F","0.90",,"false"
"10","alpha_linolenic_acid","30","49","F","0.90",,"false"
"11","alpha_linolenic_acid","50","64","F","0.80",,"false"
"12","alpha_linolenic_acid","65","74","F","0.50",,"false"
"13","alpha_linolenic_acid","75","99","F","0.40",,"false"
"14","alpha_linolenic_acid","6","8","M","0.80",,"false"
"15","alpha_linolenic_acid","9","11","M","1.00",,"false"
"16","alpha_linolenic_acid","12","14","M","1.20",,"false"
"17","alpha_linolenic_acid","15","18","M","1.30",,"false"
"18","alpha_linolenic_acid","19","29","M","1.20",,"false"
"19","alpha_linolenic_acid","30","49","M","1.20",,"false"
"20","alpha_linolenic_acid","50","64","M","1.00",,"false"
"21","alpha_linolenic_acid","65","74","M","0.80",,"false"
"22","alpha_linolenic_acid","75","99","M","0.60",,"false"
"23","biotin","0","5","ALL","5.00",,"false"
"24","biotin","1","2","ALL","9.00",,"false"
"25","biotin","3","5","ALL","12.00",,"false"
"26","biotin","6","11","ALL","7.00",,"false"
"27","biotin","0","99","F","0.00",,"false"
"28","biotin","6","8","F","15.00",,"false"
"29","biotin","9","11","F","20.00",,"false"
"30","biotin","12","14","F","25.00",,"false"
"31","biotin","15","18","F","30.00",,"false"
"32","biotin","19","29","F","30.00",,"false"
"33","biotin","30","49","F","30.00",,"false"
"34","biotin","50","64","F","30.00",,"false"
"35","biotin","65","74","F","30.00",,"false"
"36","biotin","75","99","F","30.00",,"false"
"37","biotin","6","8","M","15.00",,"false"
"38","biotin","9","11","M","20.00",,"false"
"39","biotin","12","14","M","25.00",,"false"
"40","biotin","15","18","M","30.00",,"false"
"41","biotin","19","29","M","30.00",,"false"
"42","biotin","30","49","M","30.00",,"false"
"43","biotin","50","64","M","30.00",,"false"
"44","biotin","65","74","M","30.00",,"false"
"45","biotin","75","99","M","30.00",,"false"
"46","calcium","0","5","ALL","200.00","1000.00","false"
"47","calcium","1","2","ALL","450.00","1500.00","false"
"48","calcium","3","5","ALL","550.00","2500.00","false"
"49","calcium","6","11","ALL","300.00","1000.00","false"
"50","calcium","0","99","F","0.00","0.00","false"
"51","calcium","6","8","F","700.00","2500.00","false"
"52","calcium","9","11","F","800.00","2500.00","false"
"53","calcium","12","14","F","850.00","2500.00","false"
"54","calcium","15","18","F","700.00","2500.00","false"
"55","calcium","19","29","F","650.00","2500.00","false"
"56","calcium","30","49","F","650.00","2000.00","false"
"57","calcium","50","64","F","750.00","2000.00","false"
"58","calcium","65","74","F","750.00","2000.00","false"
"59","calcium","75","99","F","750.00","2000.00","false"
"60","calcium","6","8","M","700.00","3000.00","false"
"61","calcium","9","11","M","800.00","3000.00","false"
"62","calcium","12","14","M","950.00","3000.00","false"
"63","calcium","15","18","M","800.00","3000.00","false"
"64","calcium","19","29","M","800.00","3000.00","false"
"65","calcium","30","49","M","800.00","2500.00","false"
"66","calcium","50","64","M","800.00","2500.00","false"
"67","calcium","65","74","M","800.00","2500.00","false"
"68","calcium","75","99","M","800.00","2500.00","false"
"69","carbohydrate","0","5","ALL","55.00",,"false"
"70","carbohydrate","1","2","ALL","130.00",,"false"
"71","carbohydrate","3","5","ALL","130.00",,"false"
"72","carbohydrate","6","11","ALL","85.00",,"false"
"73","carbohydrate","0","99","F","45.00",,"false"
"74","carbohydrate","6","8","F","130.00",,"false"
"75","carbohydrate","9","11","F","130.00",,"false"
"76","carbohydrate","12","14","F","130.00",,"false"
"77","carbohydrate","15","18","F","130.00",,"false"
"78","carbohydrate","19","29","F","130.00",,"false"
"79","carbohydrate","30","49","F","130.00",,"false"
"80","carbohydrate","50","64","F","130.00",,"false"
"81","carbohydrate","65","74","F","130.00",,"false"
"82","carbohydrate","75","99","F","130.00",,"false"
"83","carbohydrate","6","8","M","130.00",,"false"
"84","carbohydrate","9","11","M","130.00",,"false"
"85","carbohydrate","12","14","M","130.00",,"false"
"86","carbohydrate","15","18","M","130.00",,"false"
"87","carbohydrate","19","29","M","130.00",,"false"
"88","carbohydrate","30","49","M","130.00",,"false"
"89","carbohydrate","50","64","M","130.00",,"false"
"90","carbohydrate","65","74","M","130.00",,"false"
"91","carbohydrate","75","99","M","130.00",,"false"
"92","chloride","0","5","ALL","170.00",,"false"
"93","chloride","1","2","ALL","1000.00",,"false"
"94","chloride","3","5","ALL","1500.00",,"false"
"95","chloride","6","11","ALL","560.00",,"false"
"96","chloride","0","99","F","0.00",,"false"
"97","chloride","6","8","F","1700.00",,"false"
"98","chloride","9","11","F","2000.00",,"false"
"99","chloride","12","14","F","2300.00",,"false"
"100","chloride","15","18","F","2300.00",,"false"
"101","chloride","19","29","F","2300.00",,"false"
"102","chloride","30","49","F","2300.00",,"false"
"103","chloride","50","64","F","2300.00",,"false"
"104","chloride","65","74","F","1900.00",,"false"
"105","chloride","75","99","F","1800.00",,"false"
"106","chloride","6","8","M","1700.00",,"false"
"107","chloride","9","11","M","2000.00",,"false"
"108","chloride","12","14","M","2300.00",,"false"
"109","chloride","15","18","M","2300.00",,"false"
"110","chloride","19","29","M","2300.00",,"false"
"111","chloride","30","49","M","2300.00",,"false"
"112","chloride","50","64","M","2300.00",,"false"
"113","chloride","65","74","M","1900.00",,"false"
"114","chloride","75","99","M","1800.00",,"false"
"115","choline","0","5","ALL","110.00",,"false"
"116","choline","1","2","ALL","160.00","700.00","false"
"117","choline","3","5","ALL","190.00","1000.00","false"
"118","choline","6","11","ALL","150.00",,"false"
"119","choline","0","99","F","80.00","2500.00","false"
"120","choline","6","8","F","250.00","1000.00","false"
"121","choline","9","11","F","330.00","1500.00","false"
"122","choline","12","14","F","390.00","2000.00","false"
"123","choline","15","18","F","390.00","2000.00","false"
"124","choline","19","29","F","390.00","2500.00","false"
"125","choline","30","49","F","390.00","2500.00","false"
"126","choline","50","64","F","390.00","2500.00","false"
"127","choline","65","74","F","390.00","2500.00","false"
"128","choline","75","99","F","390.00","2500.00","false"
"129","choline","6","8","M","260.00","1000.00","false"
"130","choline","9","11","M","350.00","1500.00","false"
"131","choline","12","14","M","450.00","2000.00","false"
"132","choline","15","18","M","480.00","2500.00","false"
"133","choline","19","29","M","480.00","3000.00","false"
"134","choline","30","49","M","480.00","3000.00","false"
"135","choline","50","64","M","480.00","3000.00","false"
"136","choline","65","74","M","480.00","3000.00","false"
"137","choline","75","99","M","480.00","3000.00","false"
"138","chromium","0","5","ALL","0.20",,"false"
"139","chromium","1","2","ALL","9.00",,"false"
"140","chromium","3","5","ALL","11.00",,"false"
"141","chromium","6","11","ALL","4.00",,"false"
"142","chromium","0","99","F","5.00",,"false"
"143","chromium","6","8","F","15.00",,"false"
"144","chromium","9","11","F","20.00",,"false"
"145","chromium","12","14","F","20.00",,"false"
"146","chromium","15","18","F","20.00",,"false"
"147","chromium","19","29","F","20.00",,"false"
"148","chromium","30","49","F","20.00",,"false"
"149","chromium","50","64","F","20.00",,"false"
"150","chromium","65","74","F","20.00",,"false"
"151","chromium","75","99","F","20.00",,"false"
"152","chromium","6","8","M","15.00",,"false"
"153","chromium","9","11","M","20.00",,"false"
"154","chromium","12","14","M","30.00",,"false"
"155","chromium","15","18","M","35.00",,"false"
"156","chromium","19","29","M","30.00",,"false"
"157","chromium","30","49","M","30.00",,"false"
"158","chromium","50","64","M","30.00",,"false"
"159","chromium","65","74","M","25.00",,"false"
"160","chromium","75","99","M","25.00",,"false"
"161","copper","0","5","ALL","240.00",,"false"
"162","copper","1","2","ALL","290.00","1700.00","false"
"163","copper","3","5","ALL","350.00","2600.00","false"
"164","copper","6","11","ALL","330.00",,"false"
"165","copper","0","99","F","130.00","10000.00","false"
"166","copper","6","8","F","410.00","3700.00","false"
"167","copper","9","11","F","550.00","5500.00","false"
"168","copper","12","14","F","650.00","7500.00","false"
"169","copper","15","18","F","750.00","9500.00","false"
"170","copper","19","29","F","650.00","10000.00","false"
"171","copper","30","49","F","650.00","10000.00","false"
"172","copper","50","64","F","650.00","10000.00","false"
"173","copper","65","74","F","600.00","10000.00","false"
"174","copper","75","99","F","600.00","10000.00","false"
"175","copper","6","8","M","460.00","3700.00","false"
"176","copper","9","11","M","600.00","5500.00","false"
"177","copper","12","14","M","800.00","7500.00","false"
"178","copper","15","18","M","900.00","9500.00","false"
"179","copper","19","29","M","850.00","10000.00","false"
"180","copper","30","49","M","850.00","10000.00","false"
"181","copper","50","64","M","850.00","10000.00","false"
"182","copper","65","74","M","800.00","10000.00","false"
"183","copper","75","99","M","800.00","10000.00","false"
"184","dietary_fiber","1","2","ALL","10.00",,"false"
"185","dietary_fiber","3","5","ALL","15.00",,"false"
"186","dietary_fiber","0","99","F","5.00",,"false"
"187","dietary_fiber","6","8","F","15.00",,"false"
"188","dietary_fiber","9","11","F","20.00",,"false"
"189","dietary_fiber","12","14","F","20.00",,"false"
"190","dietary_fiber","15","18","F","20.00",,"false"
"191","dietary_fiber","19","29","F","20.00",,"false"
"192","dietary_fiber","30","49","F","20.00",,"false"
"193","dietary_fiber","50","64","F","25.00",,"false"
"194","dietary_fiber","65","74","F","25.00",,"false"
"195","dietary_fiber","75","99","F","25.00",,"false"
"196","dietary_fiber","6","8","M","20.00",,"false"
"197","dietary_fiber","9","11","M","20.00",,"false"
"198","dietary_fiber","12","14","M","25.00",,"false"
"199","dietary_fiber","15","18","M","25.00",,"false"
"200","dietary_fiber","19","29","M","30.00",,"false"
"201","dietary_fiber","30","49","M","30.00",,"false"
"202","dietary_fiber","50","64","M","30.00",,"false"
"203","dietary_fiber","65","74","M","30.00",,"false"
"204","dietary_fiber","75","99","M","30.00",,"false"
"205","energy","0","5","ALL",,,"false"
"206","energy","1","2","ALL",,,"false"
"207","energy","3","5","ALL",,,"false"
"208","energy","6","11","ALL",,,"false"
"209","energy","0","99","F",,,"false"
"210","energy","6","8","F",,,"false"
"211","energy","9","11","F",,,"false"
"212","energy","12","14","F",,,"false"
"213","energy","15","18","F",,,"false"
"214","energy","19","29","F",,,"false"
"215","energy","30","49","F",,,"false"
"216","energy","50","64","F",,,"false"
"217","energy","65","74","F",,,"false"
"218","energy","75","99","F",,,"false"
"219","energy","6","8","M",,,"false"
"220","energy","9","11","M",,,"false"
"221","energy","12","14","M",,,"false"
"222","energy","15","18","M",,,"false"
"223","energy","19","29","M",,,"false"
"224","energy","30","49","M",,,"false"
"225","energy","50","64","M",,,"false"
"226","energy","65","74","M",,,"false"
"227","energy","75","99","M",,,"false"
"228","epa_dha","1","2","ALL","150.00",,"false"
"229","epa_dha","3","5","ALL","200.00",,"false"
"230","epa_dha","0","99","F","300.00",,"false"
"231","epa_dha","6","8","F","200.00",,"false"
"232","epa_dha","9","11","F","200.00",,"false"
"233","epa_dha","12","14","F","200.00",,"false"
"234","epa_dha","15","18","F","200.00",,"false"
"235","epa_dha","19","29","F","250.00",,"false"
"236","epa_dha","30","49","F","250.00",,"false"
"237","epa_dha","50","64","F","250.00",,"false"
"238","epa_dha","65","74","F","250.00",,"false"
"239","epa_dha","75","99","F","250.00",,"false"
"240","epa_dha","6","8","M","200.00",,"false"
"241","epa_dha","9","11","M","200.00",,"false"
"242","epa_dha","12","14","M","200.00",,"false"
"243","epa_dha","15","18","M","200.00",,"false"
"244","epa_dha","19","29","M","250.00",,"false"
"245","epa_dha","30","49","M","250.00",,"false"
"246","epa_dha","50","64","M","250.00",,"false"
"247","epa_dha","65","74","M","250.00",,"false"
"248","epa_dha","75","99","M","250.00",,"false"
"249","fluoride","0","5","ALL","0.01","0.30","false"
"250","fluoride","1","2","ALL","0.60","0.70","false"
"251","fluoride","3","5","ALL","0.90","1.10","false"
"252","fluoride","6","11","ALL","0.40","0.50","false"
"253","fluoride","0","99","F","0.00","10.00","false"
"254","fluoride","6","8","F","1.30","1.50","false"
"255","fluoride","9","11","F","1.80","10.00","false"
"256","fluoride","12","14","F","2.40","10.00","false"
"257","fluoride","15","18","F","2.70","10.00","false"
"258","fluoride","19","29","F","2.80","10.00","false"
"259","fluoride","30","49","F","2.70","10.00","false"
"260","fluoride","50","64","F","2.60","10.00","false"
"261","fluoride","65","74","F","2.50","10.00","false"
"262","fluoride","75","99","F","2.30","10.00","false"
"263","fluoride","6","8","M","1.30","1.50","false"
"264","fluoride","9","11","M","1.90","10.00","false"
"265","fluoride","12","14","M","2.60","10.00","false"
"266","fluoride","15","18","M","3.20","10.00","false"
"267","fluoride","19","29","M","3.50","10.00","false"
"268","fluoride","30","49","M","3.40","10.00","false"
"269","fluoride","50","64","M","3.20","10.00","false"
"270","fluoride","65","74","M","3.10","10.00","false"
"271","fluoride","75","99","M","3.00","10.00","false"
"272","folate","0","5","ALL","65.00",,"false"
"273","folate","1","2","ALL","150.00","300.00","false"
"274","folate","3","5","ALL","180.00","400.00","false"
"275","folate","6","11","ALL","90.00",,"false"
"276","folate","0","99","F","220.00","1000.00","false"
"277","folate","6","8","F","220.00","500.00","false"
"278","folate","9","11","F","300.00","600.00","false"
"279","folate","12","14","F","360.00","800.00","false"
"280","folate","15","18","F","400.00","900.00","false"
"281","folate","19","29","F","400.00","1000.00","false"
"282","folate","30","49","F","400.00","1000.00","false"
"283","folate","50","64","F","400.00","1000.00","false"
"284","folate","65","74","F","400.00","1000.00","false"
"285","folate","75","99","F","400.00","1000.00","false"
"286","folate","6","8","M","220.00","500.00","false"
"287","folate","9","11","M","300.00","600.00","false"
"288","folate","12","14","M","360.00","800.00","false"
"289","folate","15","18","M","400.00","900.00","false"
"290","folate","19","29","M","400.00","1000.00","false"
"291","folate","30","49","M","400.00","1000.00","false"
"292","folate","50","64","M","400.00","1000.00","false"
"293","folate","65","74","M","400.00","1000.00","false"
"294","folate","75","99","M","400.00","1000.00","false"
"295","histidine","0","5","ALL","0.30",,"false"
"296","histidine","1","2","ALL","0.30",,"false"
"297","histidine","3","5","ALL","0.30",,"false"
"298","histidine","6","11","ALL","0.30",,"false"
"299","histidine","0","99","F","1.00",,"false"
"300","histidine","6","8","F","0.40",,"false"
"301","histidine","9","11","F","0.60",,"false"
"302","histidine","12","14","F","0.80",,"false"
"303","histidine","15","18","F","0.80",,"false"
"304","histidine","19","29","F","0.80",,"false"
"305","histidine","30","49","F","0.80",,"false"
"306","histidine","50","64","F","0.70",,"false"
"307","histidine","65","74","F","0.70",,"false"
"308","histidine","75","99","F","0.70",,"false"
"309","histidine","6","8","M","0.40",,"false"
"310","histidine","9","11","M","0.60",,"false"
"311","histidine","12","14","M","0.80",,"false"
"312","histidine","15","18","M","1.00",,"false"
"313","histidine","19","29","M","1.00",,"false"
"314","histidine","30","49","M","1.00",,"false"
"315","histidine","50","64","M","1.00",,"false"
"316","histidine","65","74","M","0.90",,"false"
"317","histidine","75","99","M","0.80",,"false"
"318","iodine","0","5","ALL","130.00","250.00","false"
"319","iodine","1","2","ALL","70.00","300.00","false"
"320","iodine","3","5","ALL","90.00","300.00","false"
"321","iodine","6","11","ALL","180.00","250.00","false"
"322","iodine","0","99","F","90.00",,"false"
"323","iodine","6","8","F","100.00","500.00","false"
"324","iodine","9","11","F","110.00","500.00","false"
"325","iodine","12","14","F","140.00","1900.00","false"
"326","iodine","15","18","F","140.00","2200.00","false"
"327","iodine","19","29","F","150.00","2400.00","false"
"328","iodine","30","49","F","150.00","2400.00","false"
"329","iodine","50","64","F","150.00","2400.00","false"
"330","iodine","65","74","F","150.00","2400.00","false"
"331","iodine","75","99","F","150.00","2400.00","false"
"332","iodine","6","8","M","100.00","500.00","false"
"333","iodine","9","11","M","110.00","500.00","false"
"334","iodine","12","14","M","140.00","1900.00","false"
"335","iodine","15","18","M","140.00","2200.00","false"
"336","iodine","19","29","M","150.00","2400.00","false"
"337","iodine","30","49","M","150.00","2400.00","false"
"338","iodine","50","64","M","150.00","2400.00","false"
"339","iodine","65","74","M","150.00","2400.00","false"
"340","iodine","75","99","M","150.00","2400.00","false"
"341","iron","0","5","ALL","0.30","40.00","false"
"342","iron","1","2","ALL","6.00","40.00","false"
"343","iron","3","5","ALL","6.00","40.00","false"
"344","iron","6","11","ALL","6.00","40.00","false"
"345","iron","0","99","F","9.00","45.00","false"
"346","iron","6","8","F","7.00","40.00","false"
"347","iron","9","11","F","8.00","40.00","false"
"348","iron","12","14","F","13.00","40.00","false"
"349","iron","15","18","F","12.00","45.00","false"
"350","iron","19","29","F","12.00","45.00","false"
"351","iron","30","49","F","12.00","45.00","false"
"352","iron","50","64","F","7.00","45.00","false"
"353","iron","65","74","F","6.00","45.00","false"
"354","iron","75","99","F","6.00","45.00","false"
"355","iron","6","8","M","7.00","40.00","false"
"356","iron","9","11","M","8.00","40.00","false"
"357","iron","12","14","M","11.00","40.00","false"
"358","iron","15","18","M","11.00","45.00","false"
"359","iron","19","29","M","8.00","45.00","false"
"360","iron","30","49","M","8.00","45.00","false"
"361","iron","50","64","M","8.00","45.00","false"
"362","iron","65","74","M","8.00","45.00","false"
"363","iron","75","99","M","7.00","45.00","false"
"364","isoleucine","0","5","ALL","0.60",,"false"
"365","isoleucine","1","2","ALL","0.40",,"false"
"366","isoleucine","3","5","ALL","0.40",,"false"
"367","isoleucine","6","11","ALL","0.40",,"false"
"368","isoleucine","0","99","F","1.40",,"false"
"369","isoleucine","6","8","F","0.60",,"false"
"370","isoleucine","9","11","F","0.80",,"false"
"371","isoleucine","12","14","F","1.00",,"false"
"372","isoleucine","15","18","F","1.10",,"false"
"373","isoleucine","19","29","F","1.10",,"false"
"374","isoleucine","30","49","F","1.00",,"false"
"375","isoleucine","50","64","F","1.00",,"false"
"376","isoleucine","65","74","F","0.90",,"false"
"377","isoleucine","75","99","F","0.90",,"false"
"378","isoleucine","6","8","M","0.60",,"false"
"379","isoleucine","9","11","M","0.80",,"false"
"380","isoleucine","12","14","M","1.20",,"false"
"381","isoleucine","15","18","M","1.40",,"false"
"382","isoleucine","19","29","M","1.40",,"false"
"383","isoleucine","30","49","M","1.40",,"false"
"384","isoleucine","50","64","M","1.30",,"false"
"385","isoleucine","65","74","M","1.30",,"false"
"386","isoleucine","75","99","M","1.10",,"false"
"387","leucine","0","5","ALL","1.10",,"false"
"388","leucine","1","2","ALL","0.80",,"false"
"389","leucine","3","5","ALL","0.80",,"false"
"390","leucine","6","11","ALL","0.80",,"false"
"391","leucine","0","99","F","3.10",,"false"
"392","leucine","6","8","F","1.30",,"false"
"393","leucine","9","11","F","1.80",,"false"
"394","leucine","12","14","F","2.30",,"false"
"395","leucine","15","18","F","2.40",,"false"
"396","leucine","19","29","F","2.50",,"false"
"397","leucine","30","49","F","2.40",,"false"
"398","leucine","50","64","F","2.30",,"false"
"399","leucine","65","74","F","2.20",,"false"
"400","leucine","75","99","F","2.10",,"false"
"401","leucine","6","8","M","1.30",,"false"
"402","leucine","9","11","M","1.90",,"false"
"403","leucine","12","14","M","2.60",,"false"
"404","leucine","15","18","M","3.00",,"false"
"405","leucine","19","29","M","3.10",,"false"
"406","leucine","30","49","M","3.10",,"false"
"407","leucine","50","64","M","2.80",,"false"
"408","leucine","65","74","M","2.80",,"false"
"409","leucine","75","99","M","2.70",,"false"
"410","linoleic_acid","0","5","ALL","4.00",,"false"
"411","linoleic_acid","1","2","ALL","6.00",,"false"
"412","linoleic_acid","3","5","ALL","6.00",,"false"
"413","linoleic_acid","6","11","ALL","6.00",,"false"
"414","linoleic_acid","6","8","F","6.00",,"false"
"415","linoleic_acid","9","11","F","7.00",,"false"
"416","linoleic_acid","12","14","F","8.00",,"false"
"417","linoleic_acid","15","18","F","8.00",,"false"
"418","linoleic_acid","19","29","F","8.00",,"false"
"419","linoleic_acid","30","49","F","7.00",,"false"
"420","linoleic_acid","50","64","F","6.00",,"false"
"421","linoleic_acid","65","74","F","4.00",,"false"
"422","linoleic_acid","75","99","F","2.00",,"false"
"423","linoleic_acid","6","8","M","7.00",,"false"
"424","linoleic_acid","9","11","M","9.00",,"false"
"425","linoleic_acid","12","14","M","11.00",,"false"
"426","linoleic_acid","15","18","M","11.00",,"false"
"427","linoleic_acid","19","29","M","11.00",,"false"
"428","linoleic_acid","30","49","M","10.00",,"false"
"429","linoleic_acid","50","64","M","8.00",,"false"
"430","linoleic_acid","65","74","M","6.00",,"false"
"431","linoleic_acid","75","99","M","4.00",,"false"
"432","lipid","0","5","ALL","25.00",,"false"
"433","lipid","6","11","ALL","25.00",,"false"
"434","lysine","0","5","ALL","0.80",,"false"
"435","lysine","1","2","ALL","0.80",,"false"
"436","lysine","3","5","ALL","0.80",,"false"
"437","lysine","6","11","ALL","0.80",,"false"
"438","lysine","0","99","F","2.90",,"false"
"439","lysine","6","8","F","1.30",,"false"
"440","lysine","9","11","F","1.90",,"false"
"441","lysine","12","14","F","2.40",,"false"
"442","lysine","15","18","F","2.50",,"false"
"443","lysine","19","29","F","2.60",,"false"
"444","lysine","30","49","F","2.50",,"false"
"445","lysine","50","64","F","2.40",,"false"
"446","lysine","65","74","F","2.30",,"false"
"447","lysine","75","99","F","2.10",,"false"
"448","lysine","6","8","M","1.40",,"false"
"449","lysine","9","11","M","1.90",,"false"
"450","lysine","12","14","M","2.60",,"false"
"451","lysine","15","18","M","3.10",,"false"
"452","lysine","19","29","M","3.10",,"false"
"453","lysine","30","49","M","3.10",,"false"
"454","lysine","50","64","M","2.90",,"false"
"455","lysine","65","74","M","2.90",,"false"
"456","lysine","75","99","M","2.70",,"false"
"457","magnesium","0","5","ALL","25.00",,"false"
"458","magnesium","1","2","ALL","70.00",,"false"
"459","magnesium","3","5","ALL","110.00",,"false"
"460","magnesium","6","11","ALL","55.00",,"false"
"461","magnesium","0","99","F","40.00",,"false"
"462","magnesium","6","8","F","150.00",,"false"
"463","magnesium","9","11","F","220.00",,"false"
"464","magnesium","12","14","F","290.00",,"false"
"465","magnesium","15","18","F","340.00",,"false"
"466","magnesium","19","29","F","280.00",,"false"
"467","magnesium","30","49","F","280.00",,"false"
"468","magnesium","50","64","F","280.00",,"false"
"469","magnesium","65","74","F","280.00",,"false"
"470","magnesium","75","99","F","280.00",,"false"
"471","magnesium","6","8","M","150.00",,"false"
"472","magnesium","9","11","M","220.00",,"false"
"473","magnesium","12","14","M","320.00",,"false"
"474","magnesium","15","18","M","410.00",,"false"
"475","magnesium","19","29","M","360.00",,"false"
"476","magnesium","30","49","M","380.00",,"false"
"477","magnesium","50","64","M","380.00",,"false"
"478","magnesium","65","74","M","380.00",,"false"
"479","magnesium","75","99","M","380.00",,"false"
"480","manganese","0","5","ALL","0.01",,"false"
"481","manganese","1","2","ALL","1.50","2.00","false"
"482","manganese","3","5","ALL","2.00","3.00","false"
"483","manganese","6","11","ALL","0.80",,"false"
"484","manganese","0","99","F",,"11.00","false"
"485","manganese","6","8","F","2.50","4.00","false"
"486","manganese","9","11","F","3.00","6.00","false"
"487","manganese","12","14","F","3.50","8.00","false"
"488","manganese","15","18","F","3.50","10.00","false"
"489","manganese","19","29","F","3.50","11.00","false"
"490","manganese","30","49","F","3.50","11.00","false"
"491","manganese","50","64","F","3.50","11.00","false"
"492","manganese","65","74","F","3.50","11.00","false"
"493","manganese","75","99","F","3.50","11.00","false"
"494","manganese","6","8","M","2.50","4.00","false"
"495","manganese","9","11","M","3.00","6.00","false"
"496","manganese","12","14","M","4.00","8.00","false"
"497","manganese","15","18","M","4.00","10.00","false"
"498","manganese","19","29","M","4.00","11.00","false"
"499","manganese","30","49","M","4.00","11.00","false"
"500","manganese","50","64","M","4.00","11.00","false"
"501","manganese","65","74","M","4.00","11.00","false"
"502","manganese","75","99","M","4.00","11.00","false"
"503","methionine_cysteine","0","5","ALL","0.40",,"false"
"504","methionine_cysteine","1","2","ALL","0.40",,"false"
"505","methionine_cysteine","3","5","ALL","0.40",,"false"
"506","methionine_cysteine","6","11","ALL","0.40",,"false"
"507","methionine_cysteine","0","99","F","1.40",,"false"
"508","methionine_cysteine","6","8","F","0.60",,"false"
"509","methionine_cysteine","9","11","F","0.80",,"false"
"510","methionine_cysteine","12","14","F","1.00",,"false"
"511","methionine_cysteine","15","18","F","1.10",,"false"
"512","methionine_cysteine","19","29","F","1.00",,"false"
"513","methionine_cysteine","30","49","F","1.00",,"false"
"514","methionine_cysteine","50","64","F","1.00",,"false"
"515","methionine_cysteine","65","74","F","0.90",,"false"
"516","methionine_cysteine","75","99","F","0.90",,"false"
"517","methionine_cysteine","6","8","M","0.60",,"false"
"518","methionine_cysteine","9","11","M","0.80",,"false"
"519","methionine_cysteine","12","14","M","1.20",,"false"
"520","methionine_cysteine","15","18","M","1.40",,"false"
"521","methionine_cysteine","19","29","M","1.40",,"false"
"522","methionine_cysteine","30","49","M","1.30",,"false"
"523","methionine_cysteine","50","64","M","1.30",,"false"
"524","methionine_cysteine","65","74","M","1.30",,"false"
"525","methionine_cysteine","75","99","M","1.10",,"false"
"526","molybdenum","1","2","ALL","10.00","100.00","false"
"527","molybdenum","3","5","ALL","13.00","150.00","false"
"528","molybdenum","0","99","F","0.00","500.00","false"
"529","molybdenum","6","8","F","20.00","250.00","false"
"530","molybdenum","9","11","F","20.00","350.00","false"
"531","molybdenum","12","14","F","25.00","450.00","false"
"532","molybdenum","15","18","F","25.00","500.00","false"
"533","molybdenum","19","29","F","25.00","500.00","false"
"534","molybdenum","30","49","F","25.00","500.00","false"
"535","molybdenum","50","64","F","25.00","500.00","false"
"536","molybdenum","65","74","F","25.00","500.00","false"
"537","molybdenum","75","99","F","20.00","450.00","false"
"538","molybdenum","6","8","M","20.00","250.00","false"
"539","molybdenum","9","11","M","25.00","350.00","false"
"540","molybdenum","12","14","M","30.00","500.00","false"
"541","molybdenum","15","18","M","40.00","600.00","false"
"542","molybdenum","19","29","M","30.00","650.00","false"
"543","molybdenum","30","49","M","30.00","600.00","false"
"544","molybdenum","50","64","M","30.00","600.00","false"
"545","molybdenum","65","74","M","30.00","600.00","false"
"546","molybdenum","75","99","M","25.00","550.00","false"
"547","niacin","0","5","ALL","2.00",,"false"
"548","niacin","1","2","ALL","5.00","10.00","false"
"549","niacin","3","5","ALL","6.00","10.00","false"
"550","niacin","6","11","ALL","3.00",,"false"
"551","niacin","0","99","F","4.00","35.00","false"
"552","niacin","6","8","F","8.00","15.00","false"
"553","niacin","9","11","F","11.00","20.00","false"
"554","niacin","12","14","F","14.00","25.00","false"
"555","niacin","15","18","F","13.00","30.00","false"
"556","niacin","19","29","F","13.00","35.00","false"
"557","niacin","30","49","F","13.00","35.00","false"
"558","niacin","50","64","F","13.00","35.00","false"
"559","niacin","65","74","F","12.00","35.00","false"
"560","niacin","75","99","F","11.00","35.00","false"
"561","niacin","6","8","M","8.00","15.00","false"
"562","niacin","9","11","M","11.00","20.00","false"
"563","niacin","12","14","M","14.00","25.00","false"
"564","niacin","15","18","M","16.00","30.00","false"
"565","niacin","19","29","M","14.00","35.00","false"
"566","niacin","30","49","M","14.00","35.00","false"
"567","niacin","50","64","M","14.00","35.00","false"
"568","niacin","65","74","M","13.00","35.00","false"
"569","niacin","75","99","M","12.00","35.00","false"
"570","pantothenic_acid","0","5","ALL","1.70",,"false"
"571","pantothenic_acid","1","2","ALL","2.00",,"false"
"572","pantothenic_acid","3","5","ALL","2.50",,"false"
"573","pantothenic_acid","6","11","ALL","2.00",,"false"
"574","pantothenic_acid","0","99","F","1.00",,"false"
"575","pantothenic_acid","6","8","F","3.00",,"false"
"576","pantothenic_acid","9","11","F","4.00",,"false"
"577","pantothenic_acid","12","14","F","5.00",,"false"
"578","pantothenic_acid","15","18","F","5.00",,"false"
"579","pantothenic_acid","19","29","F","5.00",,"false"
"580","pantothenic_acid","30","49","F","5.00",,"false"
"581","pantothenic_acid","50","64","F","5.00",,"false"
"582","pantothenic_acid","65","74","F","5.00",,"false"
"583","pantothenic_acid","75","99","F","5.00",,"false"
"584","pantothenic_acid","6","8","M","3.00",,"false"
"585","pantothenic_acid","9","11","M","4.00",,"false"
"586","pantothenic_acid","12","14","M","5.00",,"false"
"587","pantothenic_acid","15","18","M","5.00",,"false"
"588","pantothenic_acid","19","29","M","5.00",,"false"
"589","pantothenic_acid","30","49","M","5.00",,"false"
"590","pantothenic_acid","50","64","M","5.00",,"false"
"591","pantothenic_acid","65","74","M","5.00",,"false"
"592","pantothenic_acid","75","99","M","5.00",,"false"
"593","phenylalanine_tyrosine","0","5","ALL","0.90",,"false"
"594","phenylalanine_tyrosine","1","2","ALL","0.80",,"false"
"595","phenylalanine_tyrosine","3","5","ALL","0.90",,"false"
"596","phenylalanine_tyrosine","6","11","ALL","0.70",,"false"
"597","phenylalanine_tyrosine","0","99","F","3.80",,"false"
"598","phenylalanine_tyrosine","6","8","F","1.40",,"false"
"599","phenylalanine_tyrosine","9","11","F","2.10",,"false"
"600","phenylalanine_tyrosine","12","14","F","2.70",,"false"
"601","phenylalanine_tyrosine","15","18","F","2.80",,"false"
"602","phenylalanine_tyrosine","19","29","F","2.90",,"false"
"603","phenylalanine_tyrosine","30","49","F","2.80",,"false"
"604","phenylalanine_tyrosine","50","64","F","2.70",,"false"
"605","phenylalanine_tyrosine","65","74","F","2.60",,"false"
"606","phenylalanine_tyrosine","75","99","F","2.40",,"false"
"607","phenylalanine_tyrosine","6","8","M","1.50",,"false"
"608","phenylalanine_tyrosine","9","11","M","2.20",,"false"
"609","phenylalanine_tyrosine","12","14","M","3.00",,"false"
"610","phenylalanine_tyrosine","15","18","M","3.50",,"false"
"611","phenylalanine_tyrosine","19","29","M","3.60",,"false"
"612","phenylalanine_tyrosine","30","49","M","3.50",,"false"
"613","phenylalanine_tyrosine","50","64","M","3.40",,"false"
"614","phenylalanine_tyrosine","65","74","M","3.30",,"false"
"615","phenylalanine_tyrosine","75","99","M","3.10",,"false"
"616","phosphorus","0","5","ALL","100.00",,"false"
"617","phosphorus","1","2","ALL","450.00","3000.00","false"
"618","phosphorus","3","5","ALL","600.00","3000.00","false"
"619","phosphorus","6","11","ALL","300.00",,"false"
"620","phosphorus","0","99","F","0.00","3000.00","false"
"621","phosphorus","6","8","F","600.00","3000.00","false"
"622","phosphorus","9","11","F","1200.00","3500.00","false"
"623","phosphorus","12","14","F","1100.00","3500.00","false"
"624","phosphorus","15","18","F","1000.00","3500.00","false"
"625","phosphorus","19","29","F","650.00","3500.00","false"
"626","phosphorus","30","49","F","650.00","3500.00","false"
"627","phosphorus","50","64","F","650.00","3500.00","false"
"628","phosphorus","65","74","F","650.00","3500.00","false"
"629","phosphorus","75","99","F","650.00","3000.00","false"
"630","phosphorus","6","8","M","600.00","3000.00","false"
"631","phosphorus","9","11","M","1200.00","3500.00","false"
"632","phosphorus","12","14","M","1200.00","3500.00","false"
"633","phosphorus","15","18","M","1100.00","3500.00","false"
"634","phosphorus","19","29","M","650.00","3500.00","false"
"635","phosphorus","30","49","M","650.00","3500.00","false"
"636","phosphorus","50","64","M","650.00","3500.00","false"
"637","phosphorus","65","74","M","650.00","3500.00","false"
"638","phosphorus","75","99","M","650.00","3000.00","false"
"639","potassium","0","5","ALL","400.00",,"false"
"640","potassium","1","2","ALL","1500.00",,"false"
"641","potassium","3","5","ALL","2300.00",,"false"
"642","potassium","6","11","ALL","700.00",,"false"
"643","potassium","0","99","F","0.00",,"false"
"644","potassium","6","8","F","2600.00",,"false"
"645","potassium","9","11","F","3100.00",,"false"
"646","potassium","12","14","F","3500.00",,"false"
"647","potassium","15","18","F","3500.00",,"false"
"648","potassium","19","29","F","3500.00",,"false"
"649","potassium","30","49","F","3500.00",,"false"
"650","potassium","50","64","F","3500.00",,"false"
"651","potassium","65","74","F","3500.00",,"false"
"652","potassium","75","99","F","3500.00",,"false"
"653","potassium","6","8","M","2600.00",,"false"
"654","potassium","9","11","M","3100.00",,"false"
"655","potassium","12","14","M","3500.00",,"false"
"656","potassium","15","18","M","3500.00",,"false"
"657","potassium","19","29","M","3500.00",,"false"
"658","potassium","30","49","M","3500.00",,"false"
"659","potassium","50","64","M","3500.00",,"false"
"660","potassium","65","74","M","3500.00",,"false"
"661","potassium","75","99","M","3500.00",,"false"
"662","protein","0","5","ALL","10.00",,"false"
"663","protein","1","2","ALL","20.00",,"false"
"664","protein","3","5","ALL","25.00",,"false"
"665","protein","6","11","ALL","15.00",,"false"
"666","protein","0","99","F","10.00",,"false"
"667","protein","6","8","F","35.00",,"false"
"668","protein","9","11","F","45.00",,"false"
"669","protein","12","14","F","55.00",,"false"
"670","protein","15","18","F","55.00",,"false"
"671","protein","19","29","F","55.00",,"false"
"672","protein","30","49","F","50.00",,"false"
"673","protein","50","64","F","50.00",,"false"
"674","protein","65","74","F","50.00",,"false"
"675","protein","75","99","F","50.00",,"false"
"676","protein","6","8","M","35.00",,"false"
"677","protein","9","11","M","50.00",,"false"
"678","protein","12","14","M","60.00",,"false"
"679","protein","15","18","M","65.00",,"false"
"680","protein","19","29","M","65.00",,"false"
"681","protein","30","49","M","65.00",,"false"
"682","protein","50","64","M","60.00",,"false"
"683","protein","65","74","M","60.00",,"false"
"684","protein","75","99","M","60.00",,"false"
"685","riboflavin","0","5","ALL","0.30",,"false"
"686","riboflavin","1","2","ALL","0.50",,"false"
"687","riboflavin","3","5","ALL","0.60",,"false"
"688","riboflavin","6","11","ALL","0.40",,"false"
"689","riboflavin","0","99","F","0.40",,"false"
"690","riboflavin","6","8","F","0.80",,"false"
"691","riboflavin","9","11","F","1.00",,"false"
"692","riboflavin","12","14","F","1.20",,"false"
"693","riboflavin","15","18","F","1.20",,"false"
"694","riboflavin","19","29","F","1.20",,"false"
"695","riboflavin","30","49","F","1.20",,"false"
"696","riboflavin","50","64","F","1.20",,"false"
"697","riboflavin","65","74","F","1.10",,"false"
"698","riboflavin","75","99","F","1.00",,"false"
"699","riboflavin","6","8","M","0.90",,"false"
"700","riboflavin","9","11","M","1.10",,"false"
"701","riboflavin","12","14","M","1.50",,"false"
"702","riboflavin","15","18","M","1.70",,"false"
"703","riboflavin","19","29","M","1.50",,"false"
"704","riboflavin","30","49","M","1.50",,"false"
"705","riboflavin","50","64","M","1.50",,"false"
"706","riboflavin","65","74","M","1.40",,"false"
"707","riboflavin","75","99","M","1.40",,"false"
"708","selenium","0","5","ALL","9.00","40.00","false"
"709","selenium","1","2","ALL","23.00","70.00","false"
"710","selenium","3","5","ALL","25.00","100.00","false"
"711","selenium","6","11","ALL","12.00","65.00","false"
"712","selenium","0","99","F","4.00","400.00","false"
"713","selenium","6","8","F","35.00","150.00","false"
"714","selenium","9","11","F","45.00","200.00","false"
"715","selenium","12","14","F","60.00","300.00","false"
"716","selenium","15","18","F","65.00","300.00","false"
"717","selenium","19","29","F","60.00","400.00","false"
"718","selenium","30","49","F","60.00","400.00","false"
"719","selenium","50","64","F","60.00","400.00","false"
"720","selenium","65","74","F","60.00","400.00","false"
"721","selenium","75","99","F","60.00","400.00","false"
"722","selenium","6","8","M","35.00","150.00","false"
"723","selenium","9","11","M","45.00","200.00","false"
"724","selenium","12","14","M","60.00","300.00","false"
"725","selenium","15","18","M","65.00","300.00","false"
"726","selenium","19","29","M","60.00","400.00","false"
"727","selenium","30","49","M","60.00","400.00","false"
"728","selenium","50","64","M","60.00","400.00","false"
"729","selenium","65","74","M","60.00","400.00","false"
"730","selenium","75","99","M","60.00","400.00","false"
"731","sodium","0","5","ALL","110.00",,"false"
"732","sodium","1","2","ALL","630.00",,"false"
"733","sodium","3","5","ALL","1000.00",,"false"
"734","sodium","6","11","ALL","370.00",,"false"
"735","sodium","0","99","F","0.00",,"false"
"736","sodium","6","8","F","1100.00",,"false"
"737","sodium","9","11","F","1300.00",,"false"
"738","sodium","12","14","F","1500.00",,"false"
"739","sodium","15","18","F","1500.00",,"false"
"740","sodium","19","29","F","1500.00",,"false"
"741","sodium","30","49","F","1500.00",,"false"
"742","sodium","50","64","F","1500.00",,"false"
"743","sodium","65","74","F","1300.00",,"false"
"744","sodium","75","99","F","1200.00",,"false"
"745","sodium","6","8","M","1100.00",,"false"
"746","sodium","9","11","M","1300.00",,"false"
"747","sodium","12","14","M","1500.00",,"false"
"748","sodium","15","18","M","1500.00",,"false"
"749","sodium","19","29","M","1500.00",,"false"
"750","sodium","30","49","M","1500.00",,"false"
"751","sodium","50","64","M","1500.00",,"false"
"752","sodium","65","74","M","1300.00",,"false"
"753","sodium","75","99","M","1200.00",,"false"
"754","thiamin","0","5","ALL","0.20",,"false"
"755","thiamin","1","2","ALL","0.40",,"false"
"756","thiamin","3","5","ALL","0.50",,"false"
"757","thiamin","6","11","ALL","0.30",,"false"
"758","thiamin","0","99","F","0.40",,"false"
"759","thiamin","6","8","F","0.70",,"false"
"760","thiamin","9","11","F","0.90",,"false"
"761","thiamin","12","14","F","1.10",,"false"
"762","thiamin","15","18","F","1.10",,"false"
"763","thiamin","19","29","F","1.10",,"false"
"764","thiamin","30","49","F","1.10",,"false"
"765","thiamin","50","64","F","1.10",,"false"
"766","thiamin","65","74","F","1.00",,"false"
"767","thiamin","75","99","F","0.80",,"false"
"768","thiamin","6","8","M","0.70",,"false"
"769","thiamin","9","11","M","0.90",,"false"
"770","thiamin","12","14","M","1.10",,"false"
"771","thiamin","15","18","M","1.30",,"false"
"772","thiamin","19","29","M","1.20",,"false"
"773","thiamin","30","49","M","1.20",,"false"
"774","thiamin","50","64","M","1.20",,"false"
"775","thiamin","65","74","M","1.10",,"false"
"776","thiamin","75","99","M","1.10",,"false"
"777","threonine","0","5","ALL","0.50",,"false"
"778","threonine","1","2","ALL","0.40",,"false"
"779","threonine","3","5","ALL","0.40",,"false"
"780","threonine","6","11","ALL","0.40",,"false"
"781","threonine","0","99","F","1.50",,"false"
"782","threonine","6","8","F","0.60",,"false"
"783","threonine","9","11","F","0.90",,"false"
"784","threonine","12","14","F","1.10",,"false"
"785","threonine","15","18","F","1.10",,"false"
"786","threonine","19","29","F","1.10",,"false"
"787","threonine","30","49","F","1.10",,"false"
"788","threonine","50","64","F","1.10",,"false"
"789","threonine","65","74","F","1.00",,"false"
"790","threonine","75","99","F","0.90",,"false"
"791","threonine","6","8","M","0.60",,"false"
"792","threonine","9","11","M","0.90",,"false"
"793","threonine","12","14","M","1.20",,"false"
"794","threonine","15","18","M","1.50",,"false"
"795","threonine","19","29","M","1.50",,"false"
"796","threonine","30","49","M","1.50",,"false"
"797","threonine","50","64","M","1.40",,"false"
"798","threonine","65","74","M","1.30",,"false"
"799","threonine","75","99","M","1.30",,"false"
"800","tryptophan","0","5","ALL","0.20",,"false"
"801","tryptophan","1","2","ALL","0.10",,"false"
"802","tryptophan","3","5","ALL","0.10",,"false"
"803","tryptophan","6","11","ALL","0.10",,"false"
"804","tryptophan","0","99","F","0.40",,"false"
"805","tryptophan","6","8","F","0.20",,"false"
"806","tryptophan","9","11","F","0.20",,"false"
"807","tryptophan","12","14","F","0.30",,"false"
"808","tryptophan","15","18","F","0.30",,"false"
"809","tryptophan","19","29","F","0.30",,"false"
"810","tryptophan","30","49","F","0.30",,"false"
"811","tryptophan","50","64","F","0.30",,"false"
"812","tryptophan","65","74","F","0.20",,"false"
"813","tryptophan","75","99","F","0.20",,"false"
"814","tryptophan","6","8","M","0.20",,"false"
"815","tryptophan","9","11","M","0.20",,"false"
"816","tryptophan","12","14","M","0.30",,"false"
"817","tryptophan","15","18","M","0.40",,"false"
"818","tryptophan","19","29","M","0.30",,"false"
"819","tryptophan","30","49","M","0.30",,"false"
"820","tryptophan","50","64","M","0.30",,"false"
"821","tryptophan","65","74","M","0.30",,"false"
"822","tryptophan","75","99","M","0.30",,"false"
"823","valine","0","5","ALL","0.60",,"false"
"824","valine","1","2","ALL","0.50",,"false"
"825","valine","3","5","ALL","0.50",,"false"
"826","valine","6","11","ALL","0.50",,"false"
"827","valine","0","99","F","1.70",,"false"
"828","valine","6","8","F","0.70",,"false"
"829","valine","9","11","F","1.00",,"false"
"830","valine","12","14","F","1.30",,"false"
"831","valine","15","18","F","1.30",,"false"
"832","valine","19","29","F","1.30",,"false"
"833","valine","30","49","F","1.30",,"false"
"834","valine","50","64","F","1.30",,"false"
"835","valine","65","74","F","1.30",,"false"
"836","valine","75","99","F","1.10",,"false"
"837","valine","6","8","M","0.80",,"false"
"838","valine","9","11","M","1.10",,"false"
"839","valine","12","14","M","1.50",,"false"
"840","valine","15","18","M","1.70",,"false"
"841","valine","19","29","M","1.70",,"false"
"842","valine","30","49","M","1.70",,"false"
"843","valine","50","64","M","1.60",,"false"
"844","valine","65","74","M","1.60",,"false"
"845","valine","75","99","M","1.50",,"false"
"846","vitamin_a","0","5","ALL","350.00","600.00","false"
"847","vitamin_a","1","2","ALL","250.00","600.00","false"
"848","vitamin_a","3","5","ALL","300.00","750.00","false"
"849","vitamin_a","6","11","ALL","450.00","600.00","false"
"850","vitamin_a","0","99","F",,"3000.00","false"
"851","vitamin_a","6","8","F","400.00","1100.00","false"
"852","vitamin_a","9","11","F","550.00","1600.00","false"
"853","vitamin_a","12","14","F","650.00","2300.00","false"
"854","vitamin_a","15","18","F","650.00","2800.00","false"
"855","vitamin_a","19","29","F","650.00","3000.00","false"
"856","vitamin_a","30","49","F","650.00","3000.00","false"
"857","vitamin_a","50","64","F","600.00","3000.00","false"
"858","vitamin_a","65","74","F","600.00","3000.00","false"
"859","vitamin_a","75","99","F","600.00","3000.00","false"
"860","vitamin_a","6","8","M","450.00","1100.00","false"
"861","vitamin_a","9","11","M","600.00","1600.00","false"
"862","vitamin_a","12","14","M","750.00","2300.00","false"
"863","vitamin_a","15","18","M","850.00","2800.00","false"
"864","vitamin_a","19","29","M","800.00","3000.00","false"
"865","vitamin_a","30","49","M","800.00","3000.00","false"
"866","vitamin_a","50","64","M","750.00","3000.00","false"
"867","vitamin_a","65","74","M","700.00","3000.00","false"
"868","vitamin_a","75","99","M","700.00","3000.00","false"
"869","vitamin_b12","0","5","ALL","0.30",,"false"
"870","vitamin_b12","1","2","ALL","0.90",,"false"
"871","vitamin_b12","3","5","ALL","1.10",,"false"
"872","vitamin_b12","6","11","ALL","0.50",,"false"
"873","vitamin_b12","0","99","F","0.20",,"false"
"874","vitamin_b12","6","8","F","1.30",,"false"
"875","vitamin_b12","9","11","F","1.70",,"false"
"876","vitamin_b12","12","14","F","2.30",,"false"
"877","vitamin_b12","15","18","F","2.40",,"false"
"878","vitamin_b12","19","29","F","2.40",,"false"
"879","vitamin_b12","30","49","F","2.40",,"false"
"880","vitamin_b12","50","64","F","2.40",,"false"
"881","vitamin_b12","65","74","F","2.40",,"false"
"882","vitamin_b12","75","99","F","2.40",,"false"
"883","vitamin_b12","6","8","M","1.30",,"false"
"884","vitamin_b12","9","11","M","1.70",,"false"
"885","vitamin_b12","12","14","M","2.30",,"false"
"886","vitamin_b12","15","18","M","2.40",,"false"
"887","vitamin_b12","19","29","M","2.40",,"false"
"888","vitamin_b12","30","49","M","2.40",,"false"
"889","vitamin_b12","50","64","M","2.40",,"false"
"890","vitamin_b12","65","74","M","2.40",,"false"
"891","vitamin_b12","75","99","M","2.40",,"false"
"892","vitamin_b6","0","5","ALL","0.10",,"false"
"893","vitamin_b6","1","2","ALL","0.60","10.00","false"
"894","vitamin_b6","3","5","ALL","0.70","15.00","false"
"895","vitamin_b6","6","11","ALL","0.30",,"false"
"896","vitamin_b6","0","99","F","0.80","50.00","false"
"897","vitamin_b6","6","8","F","0.90","20.00","false"
"898","vitamin_b6","9","11","F","1.10","30.00","false"
"899","vitamin_b6","12","14","F","1.40","40.00","false"
"900","vitamin_b6","15","18","F","1.40","45.00","false"
"901","vitamin_b6","19","29","F","1.40","50.00","false"
"902","vitamin_b6","30","49","F","1.40","50.00","false"
"903","vitamin_b6","50","64","F","1.40","50.00","false"
"904","vitamin_b6","65","74","F","1.40","50.00","false"
"905","vitamin_b6","75","99","F","1.40","50.00","false"
"906","vitamin_b6","6","8","M","0.90","20.00","false"
"907","vitamin_b6","9","11","M","1.10","30.00","false"
"908","vitamin_b6","12","14","M","1.50","40.00","false"
"909","vitamin_b6","15","18","M","1.50","45.00","false"
"910","vitamin_b6","19","29","M","1.50","50.00","false"
"911","vitamin_b6","30","49","M","1.50","50.00","false"
"912","vitamin_b6","50","64","M","1.50","50.00","false"
"913","vitamin_b6","65","74","M","1.50","50.00","false"
"914","vitamin_b6","75","99","M","1.50","50.00","false"
"915","vitamin_c","0","5","ALL","40.00",,"false"
"916","vitamin_c","1","2","ALL","40.00","340.00","false"
"917","vitamin_c","3","5","ALL","45.00","510.00","false"
"918","vitamin_c","6","11","ALL","55.00",,"false"
"919","vitamin_c","0","99","F","10.00","2000.00","false"
"920","vitamin_c","6","8","F","50.00","750.00","false"
"921","vitamin_c","9","11","F","70.00","1100.00","false"
"922","vitamin_c","12","14","F","90.00","1400.00","false"
"923","vitamin_c","15","18","F","100.00","1600.00","false"
"924","vitamin_c","19","29","F","100.00","2000.00","false"
"925","vitamin_c","30","49","F","100.00","2000.00","false"
"926","vitamin_c","50","64","F","100.00","2000.00","false"
"927","vitamin_c","65","74","F","100.00","2000.00","false"
"928","vitamin_c","75","99","F","100.00","2000.00","false"
"929","vitamin_c","6","8","M","50.00","750.00","false"
"930","vitamin_c","9","11","M","70.00","1100.00","false"
"931","vitamin_c","12","14","M","90.00","1400.00","false"
"932","vitamin_c","15","18","M","100.00","1600.00","false"
"933","vitamin_c","19","29","M","100.00","2000.00","false"
"934","vitamin_c","30","49","M","100.00","2000.00","false"
"935","vitamin_c","50","64","M","100.00","2000.00","false"
"936","vitamin_c","65","74","M","100.00","2000.00","false"
"937","vitamin_c","75","99","M","100.00","2000.00","false"
"938","vitamin_d","0","5","ALL","5.00","25.00","false"
"939","vitamin_d","1","2","ALL","5.00","30.00","false"
"940","vitamin_d","3","5","ALL","5.00","35.00","false"
"941","vitamin_d","6","11","ALL","5.00","25.00","false"
"942","vitamin_d","0","99","F","0.00","100.00","false"
"943","vitamin_d","6","8","F","5.00","40.00","false"
"944","vitamin_d","9","11","F","5.00","60.00","false"
"945","vitamin_d","12","14","F","10.00","100.00","false"
"946","vitamin_d","15","18","F","10.00","100.00","false"
"947","vitamin_d","19","29","F","10.00","100.00","false"
"948","vitamin_d","30","49","F","10.00","100.00","false"
"949","vitamin_d","50","64","F","10.00","100.00","false"
"950","vitamin_d","65","74","F","15.00","100.00","false"
"951","vitamin_d","75","99","F","15.00","100.00","false"
"952","vitamin_d","6","8","M","5.00","40.00","false"
"953","vitamin_d","9","11","M","5.00","60.00","false"
"954","vitamin_d","12","14","M","10.00","100.00","false"
"955","vitamin_d","15","18","M","10.00","100.00","false"
"956","vitamin_d","19","29","M","10.00","100.00","false"
"957","vitamin_d","30","49","M","10.00","100.00","false"
"958","vitamin_d","50","64","M","10.00","100.00","false"
"959","vitamin_d","65","74","M","15.00","100.00","false"
"960","vitamin_d","75","99","M","15.00","100.00","false"
"961","vitamin_e","0","5","ALL","3.00",,"false"
"962","vitamin_e","1","2","ALL","5.00","100.00","false"
"963","vitamin_e","3","5","ALL","6.00","150.00","false"
"964","vitamin_e","6","11","ALL","4.00",,"false"
"965","vitamin_e","0","99","F","0.00","540.00","false"
"966","vitamin_e","6","8","F","7.00","200.00","false"
"967","vitamin_e","9","11","F","9.00","300.00","false"
"968","vitamin_e","12","14","F","11.00","400.00","false"
"969","vitamin_e","15","18","F","12.00","500.00","false"
"970","vitamin_e","19","29","F","12.00","540.00","false"
"971","vitamin_e","30","49","F","12.00","540.00","false"
"972","vitamin_e","50","64","F","12.00","540.00","false"
"973","vitamin_e","65","74","F","12.00","540.00","false"
"974","vitamin_e","75","99","F","12.00","540.00","false"
"975","vitamin_e","6","8","M","7.00","200.00","false"
"976","vitamin_e","9","11","M","9.00","300.00","false"
"977","vitamin_e","12","14","M","11.00","400.00","false"
"978","vitamin_e","15","18","M","12.00","500.00","false"
"979","vitamin_e","19","29","M","12.00","540.00","false"
"980","vitamin_e","30","49","M","12.00","540.00","false"
"981","vitamin_e","50","64","M","12.00","540.00","false"
"982","vitamin_e","65","74","M","12.00","540.00","false"
"983","vitamin_e","75","99","M","12.00","540.00","false"
"984","vitamin_k","0","5","ALL","4.00",,"false"
"985","vitamin_k","1","2","ALL","25.00",,"false"
"986","vitamin_k","3","5","ALL","30.00",,"false"
"987","vitamin_k","6","11","ALL","6.00",,"false"
"988","vitamin_k","0","99","F","0.00",,"false"
"989","vitamin_k","6","8","F","40.00",,"false"
"990","vitamin_k","9","11","F","55.00",,"false"
"991","vitamin_k","12","14","F","65.00",,"false"
"992","vitamin_k","15","18","F","65.00",,"false"
"993","vitamin_k","19","29","F","65.00",,"false"
"994","vitamin_k","30","49","F","65.00",,"false"
"995","vitamin_k","50","64","F","65.00",,"false"
"996","vitamin_k","65","74","F","65.00",,"false"
"997","vitamin_k","75","99","F","65.00",,"false"
"998","vitamin_k","6","8","M","40.00",,"false"
"999","vitamin_k","9","11","M","55.00",,"false"
"1000","vitamin_k","12","14","M","70.00",,"false"
"1001","vitamin_k","15","18","M","80.00",,"false"
"1002","vitamin_k","19","29","M","75.00",,"false"
"1003","vitamin_k","30","49","M","75.00",,"false"
"1004","vitamin_k","50","64","M","75.00",,"false"
"1005","vitamin_k","65","74","M","75.00",,"false"
"1006","vitamin_k","75","99","M","75.00",,"false"
"1007","water","0","5","ALL","700.00",,"false"
"1008","water","1","2","ALL","700.00",,"false"
"1009","water","3","5","ALL","1100.00",,"false"
"1010","water","6","11","ALL","500.00",,"false"
"1011","water","0","99","F","200.00",,"false"
"1012","water","6","8","F","800.00",,"false"
"1013","water","9","11","F","900.00",,"false"
"1014","water","12","14","F","900.00",,"false"
"1015","water","15","18","F","900.00",,"false"
"1016","water","19","29","F","1000.00",,"false"
"1017","water","30","49","F","1000.00",,"false"
"1018","water","50","64","F","1000.00",,"false"
"1019","water","65","74","F","900.00",,"false"
"1020","water","75","99","F","1000.00",,"false"
"1021","water","6","8","M","800.00",,"false"
"1022","water","9","11","M","900.00",,"false"
"1023","water","12","14","M","1100.00",,"false"
"1024","water","15","18","M","1200.00",,"false"
"1025","water","19","29","M","1200.00",,"false"
"1026","water","30","49","M","1200.00",,"false"
"1027","water","50","64","M","1000.00",,"false"
"1028","water","65","74","M","1000.00",,"false"
"1029","water","75","99","M","1100.00",,"false"
"1030","zinc","0","5","ALL","2.00",,"false"
"1031","zinc","1","2","ALL","3.00","6.00","false"
"1032","zinc","3","5","ALL","4.00","9.00","false"
"1033","zinc","6","11","ALL","3.00",,"false"
"1034","zinc","0","99","F","2.50","35.00","false"
"1035","zinc","6","8","F","5.00","13.00","false"
"1036","zinc","9","11","F","8.00","19.00","false"
"1037","zinc","12","14","F","8.00","27.00","false"
"1038","zinc","15","18","F","9.00","33.00","false"
"1039","zinc","19","29","F","8.00","35.00","false"
"1040","zinc","30","49","F","8.00","35.00","false"
"1041","zinc","50","64","F","8.00","35.00","false"
"1042","zinc","65","74","F","7.00","35.00","false"
"1043","zinc","75","99","F","7.00","35.00","false"
"1044","zinc","6","8","M","5.00","13.00","false"
"1045","zinc","9","11","M","8.00","19.00","false"
"1046","zinc","12","14","M","8.00","27.00","false"
"1047","zinc","15","18","M","10.00","33.00","false"
"1048","zinc","19","29","M","10.00","35.00","false"
"1049","zinc","30","49","M","10.00","35.00","false"
"1050","zinc","50","64","M","10.00","35.00","false"
"1051","zinc","65","74","M","9.00","35.00","false"
"1052","zinc","75","99","M","9.00","35.00","false"